Entity,Code,Year,Daily new confirmed cases of COVID-19
Afghanistan,AFG,36,0
Afghanistan,AFG,37,0
Afghanistan,AFG,38,0
Afghanistan,AFG,39,0
Afghanistan,AFG,40,0
Afghanistan,AFG,41,0
Afghanistan,AFG,42,0
Afghanistan,AFG,43,0
Afghanistan,AFG,44,0
Afghanistan,AFG,45,0
Afghanistan,AFG,46,0
Afghanistan,AFG,47,3
Afghanistan,AFG,48,0
Afghanistan,AFG,49,0
Afghanistan,AFG,50,0
Albania,ALB,49,0
Albania,ALB,50,8
Algeria,DZA,37,0
Algeria,DZA,38,0
Algeria,DZA,39,0
Algeria,DZA,40,0
Algeria,DZA,41,0
Algeria,DZA,42,4
Algeria,DZA,43,0
Algeria,DZA,44,7
Algeria,DZA,45,0
Algeria,DZA,46,5
Algeria,DZA,47,0
Algeria,DZA,48,3
Algeria,DZA,49,0
Algeria,DZA,50,0
Andorra,AND,43,0
Andorra,AND,44,0
Andorra,AND,45,0
Andorra,AND,46,0
Andorra,AND,47,0
Andorra,AND,48,0
Andorra,AND,49,0
Andorra,AND,50,0
Argentina,ARG,44,0
Argentina,ARG,45,0
Argentina,ARG,46,1
Argentina,ARG,47,7
Argentina,ARG,48,3
Argentina,ARG,49,0
Argentina,ARG,50,5
Armenia,ARM,42,0
Armenia,ARM,43,0
Armenia,ARM,44,0
Armenia,ARM,45,0
Armenia,ARM,46,0
Armenia,ARM,47,0
Armenia,ARM,48,0
Armenia,ARM,49,0
Armenia,ARM,50,0
Australia,AUS,5,1
Australia,AUS,6,0
Australia,AUS,7,1
Australia,AUS,8,2
Australia,AUS,9,0
Australia,AUS,10,2
Australia,AUS,11,3
Australia,AUS,12,0
Australia,AUS,13,0
Australia,AUS,14,0
Australia,AUS,15,1
Australia,AUS,16,1
Australia,AUS,17,1
Australia,AUS,18,0
Australia,AUS,19,0
Australia,AUS,20,0
Australia,AUS,21,0
Australia,AUS,22,0
Australia,AUS,23,0
Australia,AUS,24,0
Australia,AUS,25,0
Australia,AUS,26,0
Australia,AUS,27,0
Australia,AUS,28,0
Australia,AUS,29,0
Australia,AUS,30,0
Australia,AUS,31,2
Australia,AUS,32,4
Australia,AUS,33,1
Australia,AUS,34,0
Australia,AUS,35,0
Australia,AUS,36,1
Australia,AUS,37,0
Australia,AUS,38,0
Australia,AUS,39,1
Australia,AUS,40,1
Australia,AUS,41,2
Australia,AUS,42,6
Australia,AUS,43,10
Australia,AUS,44,14
Australia,AUS,45,0
Australia,AUS,46,5
Australia,AUS,47,12
Australia,AUS,48,3
Australia,AUS,49,15
Australia,AUS,50,20
Austria,AUT,37,0
Austria,AUT,38,2
Austria,AUT,39,1
Austria,AUT,40,5
Austria,AUT,41,0
Austria,AUT,42,8
Austria,AUT,43,6
Austria,AUT,44,13
Austria,AUT,45,10
Austria,AUT,46,19
Austria,AUT,47,38
Austria,AUT,48,8
Austria,AUT,49,19
Austria,AUT,50,51
Azerbaijan,AZE,41,0
Azerbaijan,AZE,42,0
Azerbaijan,AZE,43,0
Azerbaijan,AZE,44,0
Azerbaijan,AZE,45,0
Azerbaijan,AZE,46,6
Azerbaijan,AZE,47,0
Azerbaijan,AZE,48,0
Azerbaijan,AZE,49,0
Azerbaijan,AZE,50,0
Bahrain,BHR,36,18
Bahrain,BHR,37,7
Bahrain,BHR,38,0
Bahrain,BHR,39,5
Bahrain,BHR,40,2
Bahrain,BHR,41,7
Bahrain,BHR,42,2
Bahrain,BHR,43,0
Bahrain,BHR,44,0
Bahrain,BHR,45,0
Bahrain,BHR,46,0
Bahrain,BHR,47,7
Bahrain,BHR,48,23
Bahrain,BHR,49,30
Bahrain,BHR,50,1
Bangladesh,BGD,49,0
Bangladesh,BGD,50,0
Belarus,BLR,39,0
Belarus,BLR,40,0
Belarus,BLR,41,0
Belarus,BLR,42,0
Belarus,BLR,43,0
Belarus,BLR,44,5
Belarus,BLR,45,0
Belarus,BLR,46,0
Belarus,BLR,47,0
Belarus,BLR,48,0
Belarus,BLR,49,0
Belarus,BLR,50,3
Belgium,BEL,16,0
Belgium,BEL,17,0
Belgium,BEL,18,0
Belgium,BEL,19,0
Belgium,BEL,20,0
Belgium,BEL,21,0
Belgium,BEL,22,0
Belgium,BEL,23,0
Belgium,BEL,24,0
Belgium,BEL,25,0
Belgium,BEL,26,0
Belgium,BEL,27,0
Belgium,BEL,28,0
Belgium,BEL,29,0
Belgium,BEL,30,0
Belgium,BEL,31,0
Belgium,BEL,32,0
Belgium,BEL,33,0
Belgium,BEL,34,0
Belgium,BEL,35,0
Belgium,BEL,36,0
Belgium,BEL,37,0
Belgium,BEL,38,0
Belgium,BEL,39,0
Belgium,BEL,40,0
Belgium,BEL,41,0
Belgium,BEL,42,7
Belgium,BEL,43,0
Belgium,BEL,44,15
Belgium,BEL,45,27
Belgium,BEL,46,59
Belgium,BEL,47,60
Belgium,BEL,48,31
Belgium,BEL,49,39
Belgium,BEL,50,28
Bhutan,BTN,46,0
Bhutan,BTN,47,0
Bhutan,BTN,48,0
Bhutan,BTN,49,0
Bhutan,BTN,50,0
Bosnia and Herzegovina,BIH,45,0
Bosnia and Herzegovina,BIH,46,0
Bosnia and Herzegovina,BIH,47,0
Bosnia and Herzegovina,BIH,48,0
Bosnia and Herzegovina,BIH,49,0
Bosnia and Herzegovina,BIH,50,2
Brazil,BRA,38,0
Brazil,BRA,39,0
Brazil,BRA,40,1
Brazil,BRA,41,0
Brazil,BRA,42,0
Brazil,BRA,43,0
Brazil,BRA,44,1
Brazil,BRA,45,4
Brazil,BRA,46,6
Brazil,BRA,47,6
Brazil,BRA,48,6
Brazil,BRA,49,0
Brazil,BRA,50,9
Brunei Darussalam,,50,0
Bulgaria,BGR,48,2
Bulgaria,BGR,49,0
Bulgaria,BGR,50,6
Cambodia,KHM,8,0
Cambodia,KHM,9,0
Cambodia,KHM,10,0
Cambodia,KHM,11,0
Cambodia,KHM,12,0
Cambodia,KHM,13,0
Cambodia,KHM,14,0
Cambodia,KHM,15,0
Cambodia,KHM,16,0
Cambodia,KHM,17,0
Cambodia,KHM,18,0
Cambodia,KHM,19,0
Cambodia,KHM,20,0
Cambodia,KHM,21,0
Cambodia,KHM,22,0
Cambodia,KHM,23,0
Cambodia,KHM,24,0
Cambodia,KHM,25,0
Cambodia,KHM,26,0
Cambodia,KHM,27,0
Cambodia,KHM,28,0
Cambodia,KHM,29,0
Cambodia,KHM,30,0
Cambodia,KHM,31,0
Cambodia,KHM,32,0
Cambodia,KHM,33,0
Cambodia,KHM,34,0
Cambodia,KHM,35,0
Cambodia,KHM,36,0
Cambodia,KHM,37,0
Cambodia,KHM,38,0
Cambodia,KHM,39,0
Cambodia,KHM,40,0
Cambodia,KHM,41,0
Cambodia,KHM,42,0
Cambodia,KHM,43,0
Cambodia,KHM,44,0
Cambodia,KHM,45,0
Cambodia,KHM,46,0
Cambodia,KHM,47,1
Cambodia,KHM,48,0
Cambodia,KHM,49,0
Cambodia,KHM,50,1
Cameroon,CMR,46,1
Cameroon,CMR,47,0
Cameroon,CMR,48,0
Cameroon,CMR,49,0
Cameroon,CMR,50,0
Canada,CAN,7,1
Canada,CAN,8,1
Canada,CAN,9,0
Canada,CAN,10,0
Canada,CAN,11,1
Canada,CAN,12,0
Canada,CAN,13,0
Canada,CAN,14,0
Canada,CAN,15,1
Canada,CAN,16,0
Canada,CAN,17,2
Canada,CAN,18,0
Canada,CAN,19,0
Canada,CAN,20,0
Canada,CAN,21,0
Canada,CAN,22,0
Canada,CAN,23,0
Canada,CAN,24,0
Canada,CAN,25,0
Canada,CAN,26,0
Canada,CAN,27,0
Canada,CAN,28,1
Canada,CAN,29,0
Canada,CAN,30,0
Canada,CAN,31,0
Canada,CAN,32,0
Canada,CAN,33,1
Canada,CAN,34,0
Canada,CAN,35,1
Canada,CAN,36,0
Canada,CAN,37,1
Canada,CAN,38,0
Canada,CAN,39,3
Canada,CAN,40,5
Canada,CAN,41,0
Canada,CAN,42,8
Canada,CAN,43,3
Canada,CAN,44,0
Canada,CAN,45,15
Canada,CAN,46,6
Canada,CAN,47,6
Canada,CAN,48,5
Canada,CAN,49,15
Canada,CAN,50,16
Chile,CHL,44,0
Chile,CHL,45,0
Chile,CHL,46,4
Chile,CHL,47,0
Chile,CHL,48,5
Chile,CHL,49,3
Chile,CHL,50,4
China,CHN,1,32
China,CHN,2,264
China,CHN,3,261
China,CHN,4,462
China,CHN,5,688
China,CHN,6,776
China,CHN,7,1776
China,CHN,8,1460
China,CHN,9,1739
China,CHN,10,1984
China,CHN,11,2101
China,CHN,12,2590
China,CHN,13,2827
China,CHN,14,3233
China,CHN,15,3892
China,CHN,16,3697
China,CHN,17,3151
China,CHN,18,3387
China,CHN,19,2653
China,CHN,20,2984
China,CHN,21,2473
China,CHN,22,2022
China,CHN,23,1820
China,CHN,24,1998
China,CHN,25,1506
China,CHN,26,1120
China,CHN,27,19461
China,CHN,28,1893
China,CHN,29,1752
China,CHN,30,395
China,CHN,31,894
China,CHN,32,823
China,CHN,33,650
China,CHN,34,220
China,CHN,35,518
China,CHN,36,411
China,CHN,37,439
China,CHN,38,331
China,CHN,39,433
China,CHN,40,574
China,CHN,41,206
China,CHN,42,130
China,CHN,43,118
China,CHN,44,143
China,CHN,45,146
China,CHN,46,102
China,CHN,47,46
China,CHN,48,45
China,CHN,49,20
China,CHN,50,31
Colombia,COL,47,0
Colombia,COL,48,0
Colombia,COL,49,2
Colombia,COL,50,0
Costa Rica,CRI,48,4
Costa Rica,CRI,49,0
Costa Rica,CRI,50,4
Croatia,HRV,37,1
Croatia,HRV,38,0
Croatia,HRV,39,2
Croatia,HRV,40,2
Croatia,HRV,41,0
Croatia,HRV,42,1
Croatia,HRV,43,1
Croatia,HRV,44,0
Croatia,HRV,45,1
Croatia,HRV,46,1
Croatia,HRV,47,0
Croatia,HRV,48,0
Croatia,HRV,49,1
Croatia,HRV,50,4
Cyprus,CYP,50,0
Czechia,,42,0
Czechia,,43,2
Czechia,,44,0
Czechia,,45,7
Czechia,,46,0
Czechia,,47,14
Czechia,,48,6
Czechia,,49,6
Czechia,,50,23
Denmark,DNK,38,0
Denmark,DNK,39,1
Denmark,DNK,40,1
Denmark,DNK,41,1
Denmark,DNK,42,1
Denmark,DNK,43,3
Denmark,DNK,44,2
Denmark,DNK,45,8
Denmark,DNK,46,5
Denmark,DNK,47,8
Denmark,DNK,48,5
Denmark,DNK,49,54
Denmark,DNK,50,172
Dominican Republic,DOM,42,0
Dominican Republic,DOM,43,0
Dominican Republic,DOM,44,0
Dominican Republic,DOM,45,0
Dominican Republic,DOM,46,0
Dominican Republic,DOM,47,0
Dominican Republic,DOM,48,0
Dominican Republic,DOM,49,4
Dominican Republic,DOM,50,0
Ecuador,ECU,41,0
Ecuador,ECU,42,5
Ecuador,ECU,43,1
Ecuador,ECU,44,0
Ecuador,ECU,45,6
Ecuador,ECU,46,1
Ecuador,ECU,47,0
Ecuador,ECU,48,1
Ecuador,ECU,49,0
Ecuador,ECU,50,0
Egypt,EGY,26,0
Egypt,EGY,27,0
Egypt,EGY,28,0
Egypt,EGY,29,0
Egypt,EGY,30,0
Egypt,EGY,31,0
Egypt,EGY,32,0
Egypt,EGY,33,0
Egypt,EGY,34,0
Egypt,EGY,35,0
Egypt,EGY,36,0
Egypt,EGY,37,0
Egypt,EGY,38,0
Egypt,EGY,39,0
Egypt,EGY,40,0
Egypt,EGY,41,1
Egypt,EGY,42,0
Egypt,EGY,43,0
Egypt,EGY,44,0
Egypt,EGY,45,1
Egypt,EGY,46,0
Egypt,EGY,47,45
Egypt,EGY,48,7
Egypt,EGY,49,4
Egypt,EGY,50,0
Estonia,EST,38,0
Estonia,EST,39,0
Estonia,EST,40,0
Estonia,EST,41,0
Estonia,EST,42,0
Estonia,EST,43,1
Estonia,EST,44,0
Estonia,EST,45,1
Estonia,EST,46,7
Estonia,EST,47,0
Estonia,EST,48,0
Estonia,EST,49,0
Estonia,EST,50,3
Faeroe Islands,FRO,48,1
Faeroe Islands,FRO,49,0
Faeroe Islands,FRO,50,0
Finland,FIN,10,0
Finland,FIN,11,0
Finland,FIN,12,0
Finland,FIN,13,0
Finland,FIN,14,0
Finland,FIN,15,0
Finland,FIN,16,0
Finland,FIN,17,0
Finland,FIN,18,0
Finland,FIN,19,0
Finland,FIN,20,0
Finland,FIN,21,0
Finland,FIN,22,0
Finland,FIN,23,0
Finland,FIN,24,0
Finland,FIN,25,0
Finland,FIN,26,0
Finland,FIN,27,0
Finland,FIN,28,0
Finland,FIN,29,0
Finland,FIN,30,0
Finland,FIN,31,0
Finland,FIN,32,0
Finland,FIN,33,0
Finland,FIN,34,0
Finland,FIN,35,0
Finland,FIN,36,0
Finland,FIN,37,1
Finland,FIN,38,0
Finland,FIN,39,0
Finland,FIN,40,0
Finland,FIN,41,4
Finland,FIN,42,1
Finland,FIN,43,0
Finland,FIN,44,0
Finland,FIN,45,5
Finland,FIN,46,7
Finland,FIN,47,0
Finland,FIN,48,11
Finland,FIN,49,10
Finland,FIN,50,0
France,FRA,5,0
France,FRA,6,0
France,FRA,7,0
France,FRA,8,1
France,FRA,9,1
France,FRA,10,1
France,FRA,11,0
France,FRA,12,0
France,FRA,13,0
France,FRA,14,0
France,FRA,15,0
France,FRA,16,0
France,FRA,17,0
France,FRA,18,0
France,FRA,19,5
France,FRA,20,0
France,FRA,21,0
France,FRA,22,0
France,FRA,23,0
France,FRA,24,0
France,FRA,25,0
France,FRA,26,1
France,FRA,27,0
France,FRA,28,0
France,FRA,29,0
France,FRA,30,0
France,FRA,31,0
France,FRA,32,0
France,FRA,33,0
France,FRA,34,0
France,FRA,35,0
France,FRA,36,0
France,FRA,37,6
France,FRA,38,20
France,FRA,39,19
France,FRA,40,43
France,FRA,41,0
France,FRA,42,91
France,FRA,43,21
France,FRA,44,70
France,FRA,45,138
France,FRA,46,193
France,FRA,47,93
France,FRA,48,410
France,FRA,49,286
France,FRA,50,372
French Guiana,GUF,48,0
French Guiana,GUF,49,0
French Guiana,GUF,50,0
Georgia,GEO,38,0
Georgia,GEO,39,1
Georgia,GEO,40,1
Georgia,GEO,41,0
Georgia,GEO,42,0
Georgia,GEO,43,0
Georgia,GEO,44,0
Georgia,GEO,45,6
Georgia,GEO,46,0
Georgia,GEO,47,3
Georgia,GEO,48,1
Georgia,GEO,49,2
Georgia,GEO,50,8
Germany,DEU,8,3
Germany,DEU,9,0
Germany,DEU,10,1
Germany,DEU,11,2
Germany,DEU,12,1
Germany,DEU,13,2
Germany,DEU,14,2
Germany,DEU,15,0
Germany,DEU,16,0
Germany,DEU,17,1
Germany,DEU,18,1
Germany,DEU,19,0
Germany,DEU,20,0
Germany,DEU,21,0
Germany,DEU,22,2
Germany,DEU,23,0
Germany,DEU,24,0
Germany,DEU,25,0
Germany,DEU,26,0
Germany,DEU,27,0
Germany,DEU,28,0
Germany,DEU,29,0
Germany,DEU,30,0
Germany,DEU,31,0
Germany,DEU,32,0
Germany,DEU,33,0
Germany,DEU,34,0
Germany,DEU,35,0
Germany,DEU,36,2
Germany,DEU,37,3
Germany,DEU,38,5
Germany,DEU,39,31
Germany,DEU,40,0
Germany,DEU,41,72
Germany,DEU,42,28
Germany,DEU,43,39
Germany,DEU,44,66
Germany,DEU,45,272
Germany,DEU,46,105
Germany,DEU,47,156
Germany,DEU,48,317
Germany,DEU,49,27
Germany,DEU,50,157
Gibraltar,GIB,45,0
Gibraltar,GIB,46,0
Gibraltar,GIB,47,0
Gibraltar,GIB,48,0
Gibraltar,GIB,49,0
Gibraltar,GIB,50,0
Greece,GRC,38,2
Greece,GRC,39,0
Greece,GRC,40,0
Greece,GRC,41,4
Greece,GRC,42,0
Greece,GRC,43,0
Greece,GRC,44,2
Greece,GRC,45,23
Greece,GRC,46,0
Greece,GRC,47,34
Greece,GRC,48,7
Greece,GRC,49,0
Greece,GRC,50,16
Guernsey,GGY,50,0
Hungary,HUN,45,0
Hungary,HUN,46,3
Hungary,HUN,47,2
Hungary,HUN,48,2
Hungary,HUN,49,0
Hungary,HUN,50,4
Iceland,ISL,42,7
Iceland,ISL,43,7
Iceland,ISL,44,10
Iceland,ISL,45,0
Iceland,ISL,46,19
Iceland,ISL,47,0
Iceland,ISL,48,10
Iceland,ISL,49,0
Iceland,ISL,50,6
India,IND,10,0
India,IND,11,0
India,IND,12,1
India,IND,13,1
India,IND,14,0
India,IND,15,0
India,IND,16,0
India,IND,17,0
India,IND,18,0
India,IND,19,0
India,IND,20,0
India,IND,21,0
India,IND,22,0
India,IND,23,0
India,IND,24,0
India,IND,25,0
India,IND,26,0
India,IND,27,0
India,IND,28,0
India,IND,29,0
India,IND,30,0
India,IND,31,0
India,IND,32,0
India,IND,33,0
India,IND,34,0
India,IND,35,0
India,IND,36,0
India,IND,37,0
India,IND,38,0
India,IND,39,0
India,IND,40,0
India,IND,41,0
India,IND,42,2
India,IND,43,1
India,IND,44,23
India,IND,45,1
India,IND,46,1
India,IND,47,3
India,IND,48,9
India,IND,49,1
India,IND,50,16
Indonesia,IDN,42,0
Indonesia,IDN,43,0
Indonesia,IDN,44,0
Indonesia,IDN,45,0
Indonesia,IDN,46,0
Indonesia,IDN,47,4
Indonesia,IDN,48,0
Indonesia,IDN,49,13
Indonesia,IDN,50,8
International,,17,41
International,,18,3
International,,19,0
International,,20,6
International,,21,65
International,,22,40
International,,23,-1
International,,24,44
International,,25,0
International,,26,137
International,,27,99
International,,28,0
International,,29,88
International,,30,79
International,,31,13
International,,32,0
International,,33,0
International,,34,61
International,,35,-4
International,,36,0
International,,37,14
International,,38,0
International,,39,0
International,,40,0
International,,41,1
International,,42,0
International,,43,0
International,,44,0
International,,45,-10
International,,46,0
International,,47,0
International,,48,0
International,,49,0
International,,50,0
Iran,IRN,31,3
Iran,IRN,32,13
Iran,IRN,33,10
Iran,IRN,34,15
Iran,IRN,35,18
Iran,IRN,36,34
Iran,IRN,37,46
Iran,IRN,38,104
Iran,IRN,39,143
Iran,IRN,40,205
Iran,IRN,41,385
Iran,IRN,42,523
Iran,IRN,43,835
Iran,IRN,44,586
Iran,IRN,45,591
Iran,IRN,46,1234
Iran,IRN,47,1076
Iran,IRN,48,743
Iran,IRN,49,595
Iran,IRN,50,881
Iraq,IRQ,36,4
Iraq,IRQ,37,1
Iraq,IRQ,38,1
Iraq,IRQ,39,1
Iraq,IRQ,40,5
Iraq,IRQ,41,6
Iraq,IRQ,42,7
Iraq,IRQ,43,5
Iraq,IRQ,44,5
Iraq,IRQ,45,0
Iraq,IRQ,46,8
Iraq,IRQ,47,10
Iraq,IRQ,48,6
Iraq,IRQ,49,1
Iraq,IRQ,50,0
Ireland,IRL,41,0
Ireland,IRL,42,0
Ireland,IRL,43,1
Ireland,IRL,44,0
Ireland,IRL,45,12
Ireland,IRL,46,4
Ireland,IRL,47,1
Ireland,IRL,48,2
Ireland,IRL,49,3
Ireland,IRL,50,10
Israel,ISR,33,0
Israel,ISR,34,0
Israel,ISR,35,1
Israel,ISR,36,0
Israel,ISR,37,0
Israel,ISR,38,1
Israel,ISR,39,2
Israel,ISR,40,2
Israel,ISR,41,0
Israel,ISR,42,3
Israel,ISR,43,2
Israel,ISR,44,3
Israel,ISR,45,0
Israel,ISR,46,4
Israel,ISR,47,6
Israel,ISR,48,14
Israel,ISR,49,0
Israel,ISR,50,36
Italy,ITA,11,0
Italy,ITA,12,0
Italy,ITA,13,0
Italy,ITA,14,0
Italy,ITA,15,0
Italy,ITA,16,0
Italy,ITA,17,1
Italy,ITA,18,0
Italy,ITA,19,0
Italy,ITA,20,0
Italy,ITA,21,0
Italy,ITA,22,0
Italy,ITA,23,0
Italy,ITA,24,0
Italy,ITA,25,0
Italy,ITA,26,0
Italy,ITA,27,0
Italy,ITA,28,0
Italy,ITA,29,0
Italy,ITA,30,0
Italy,ITA,31,0
Italy,ITA,32,6
Italy,ITA,33,67
Italy,ITA,34,48
Italy,ITA,35,105
Italy,ITA,36,93
Italy,ITA,37,78
Italy,ITA,38,250
Italy,ITA,39,238
Italy,ITA,40,240
Italy,ITA,41,561
Italy,ITA,42,347
Italy,ITA,43,466
Italy,ITA,44,587
Italy,ITA,45,769
Italy,ITA,46,778
Italy,ITA,47,1247
Italy,ITA,48,1492
Italy,ITA,49,1797
Italy,ITA,50,977
Japan,JPN,1,0
Japan,JPN,2,0
Japan,JPN,3,0
Japan,JPN,4,2
Japan,JPN,5,0
Japan,JPN,6,1
Japan,JPN,7,2
Japan,JPN,8,1
Japan,JPN,9,4
Japan,JPN,10,3
Japan,JPN,11,3
Japan,JPN,12,3
Japan,JPN,13,0
Japan,JPN,14,0
Japan,JPN,15,3
Japan,JPN,16,2
Japan,JPN,17,0
Japan,JPN,18,0
Japan,JPN,19,1
Japan,JPN,20,0
Japan,JPN,21,0
Japan,JPN,22,2
Japan,JPN,23,1
Japan,JPN,24,4
Japan,JPN,25,8
Japan,JPN,26,12
Japan,JPN,27,6
Japan,JPN,28,6
Japan,JPN,29,8
Japan,JPN,30,12
Japan,JPN,31,8
Japan,JPN,32,12
Japan,JPN,33,27
Japan,JPN,34,12
Japan,JPN,35,13
Japan,JPN,36,7
Japan,JPN,37,22
Japan,JPN,38,24
Japan,JPN,39,20
Japan,JPN,40,9
Japan,JPN,41,15
Japan,JPN,42,14
Japan,JPN,43,16
Japan,JPN,44,33
Japan,JPN,45,32
Japan,JPN,46,59
Japan,JPN,47,47
Japan,JPN,48,33
Japan,JPN,49,26
Japan,JPN,50,54
Jordan,JOR,43,0
Jordan,JOR,44,0
Jordan,JOR,45,0
Jordan,JOR,46,0
Jordan,JOR,47,0
Jordan,JOR,48,0
Jordan,JOR,49,0
Jordan,JOR,50,0
Kuwait,KWT,35,5
Kuwait,KWT,36,4
Kuwait,KWT,37,31
Kuwait,KWT,38,0
Kuwait,KWT,39,2
Kuwait,KWT,40,0
Kuwait,KWT,41,11
Kuwait,KWT,42,0
Kuwait,KWT,43,0
Kuwait,KWT,44,2
Kuwait,KWT,45,0
Kuwait,KWT,46,0
Kuwait,KWT,47,4
Kuwait,KWT,48,2
Kuwait,KWT,49,1
Kuwait,KWT,50,4
Latvia,LVA,43,0
Latvia,LVA,44,0
Latvia,LVA,45,0
Latvia,LVA,46,0
Latvia,LVA,47,0
Latvia,LVA,48,2
Latvia,LVA,49,3
Latvia,LVA,50,2
Lebanon,LBN,33,0
Lebanon,LBN,34,0
Lebanon,LBN,35,0
Lebanon,LBN,36,0
Lebanon,LBN,37,1
Lebanon,LBN,38,0
Lebanon,LBN,39,0
Lebanon,LBN,40,0
Lebanon,LBN,41,8
Lebanon,LBN,42,3
Lebanon,LBN,43,0
Lebanon,LBN,44,0
Lebanon,LBN,45,3
Lebanon,LBN,46,6
Lebanon,LBN,47,6
Lebanon,LBN,48,4
Lebanon,LBN,49,9
Lebanon,LBN,50,0
Liechtenstein,LIE,45,0
Liechtenstein,LIE,46,0
Liechtenstein,LIE,47,0
Liechtenstein,LIE,48,0
Liechtenstein,LIE,49,0
Liechtenstein,LIE,50,0
Lithuania,LTU,39,0
Lithuania,LTU,40,0
Lithuania,LTU,41,0
Lithuania,LTU,42,0
Lithuania,LTU,43,0
Lithuania,LTU,44,0
Lithuania,LTU,45,0
Lithuania,LTU,46,0
Lithuania,LTU,47,0
Lithuania,LTU,48,0
Lithuania,LTU,49,0
Lithuania,LTU,50,0
Luxembourg,LUX,42,0
Luxembourg,LUX,43,0
Luxembourg,LUX,44,0
Luxembourg,LUX,45,0
Luxembourg,LUX,46,1
Luxembourg,LUX,47,0
Luxembourg,LUX,48,0
Luxembourg,LUX,49,3
Luxembourg,LUX,50,0
Macedonia,MKD,38,0
Macedonia,MKD,39,0
Macedonia,MKD,40,0
Macedonia,MKD,41,0
Macedonia,MKD,42,0
Macedonia,MKD,43,0
Macedonia,MKD,44,0
Macedonia,MKD,45,0
Macedonia,MKD,46,2
Macedonia,MKD,47,0
Macedonia,MKD,48,0
Macedonia,MKD,49,4
Macedonia,MKD,50,0
Malaysia,MYS,6,1
Malaysia,MYS,7,0
Malaysia,MYS,8,0
Malaysia,MYS,9,3
Malaysia,MYS,10,1
Malaysia,MYS,11,0
Malaysia,MYS,12,0
Malaysia,MYS,13,0
Malaysia,MYS,14,2
Malaysia,MYS,15,0
Malaysia,MYS,16,2
Malaysia,MYS,17,2
Malaysia,MYS,18,1
Malaysia,MYS,19,2
Malaysia,MYS,20,1
Malaysia,MYS,21,0
Malaysia,MYS,22,0
Malaysia,MYS,23,0
Malaysia,MYS,24,1
Malaysia,MYS,25,2
Malaysia,MYS,26,1
Malaysia,MYS,27,0
Malaysia,MYS,28,0
Malaysia,MYS,29,0
Malaysia,MYS,30,0
Malaysia,MYS,31,0
Malaysia,MYS,32,0
Malaysia,MYS,33,0
Malaysia,MYS,34,0
Malaysia,MYS,35,0
Malaysia,MYS,36,0
Malaysia,MYS,37,0
Malaysia,MYS,38,2
Malaysia,MYS,39,0
Malaysia,MYS,40,0
Malaysia,MYS,41,0
Malaysia,MYS,42,5
Malaysia,MYS,43,21
Malaysia,MYS,44,0
Malaysia,MYS,45,5
Malaysia,MYS,46,28
Malaysia,MYS,47,10
Malaysia,MYS,48,0
Malaysia,MYS,49,24
Malaysia,MYS,50,12
Maldives,MDV,48,2
Maldives,MDV,49,0
Maldives,MDV,50,4
Malta,MLT,48,0
Malta,MLT,49,1
Malta,MLT,50,0
Martinique,MTQ,48,0
Martinique,MTQ,49,0
Martinique,MTQ,50,1
Mexico,MEX,40,0
Mexico,MEX,41,3
Mexico,MEX,42,0
Mexico,MEX,43,0
Mexico,MEX,44,0
Mexico,MEX,45,0
Mexico,MEX,46,0
Mexico,MEX,47,2
Mexico,MEX,48,0
Mexico,MEX,49,0
Mexico,MEX,50,0
Moldova,MDA,48,0
Moldova,MDA,49,0
Moldova,MDA,50,2
Monaco,MCO,41,0
Monaco,MCO,42,0
Monaco,MCO,43,0
Monaco,MCO,44,0
Monaco,MCO,45,0
Monaco,MCO,46,0
Monaco,MCO,47,0
Monaco,MCO,48,0
Monaco,MCO,49,0
Monaco,MCO,50,0
Mongolia,MNG,50,0
Morocco,MAR,43,0
Morocco,MAR,44,1
Morocco,MAR,45,0
Morocco,MAR,46,0
Morocco,MAR,47,0
Morocco,MAR,48,0
Morocco,MAR,49,0
Morocco,MAR,50,1
Nepal,NPL,5,0
Nepal,NPL,6,0
Nepal,NPL,7,0
Nepal,NPL,8,0
Nepal,NPL,9,0
Nepal,NPL,10,0
Nepal,NPL,11,0
Nepal,NPL,12,0
Nepal,NPL,13,0
Nepal,NPL,14,0
Nepal,NPL,15,0
Nepal,NPL,16,0
Nepal,NPL,17,0
Nepal,NPL,18,0
Nepal,NPL,19,0
Nepal,NPL,20,0
Nepal,NPL,21,0
Nepal,NPL,22,0
Nepal,NPL,23,0
Nepal,NPL,24,0
Nepal,NPL,25,0
Nepal,NPL,26,0
Nepal,NPL,27,0
Nepal,NPL,28,0
Nepal,NPL,29,0
Nepal,NPL,30,0
Nepal,NPL,31,0
Nepal,NPL,32,0
Nepal,NPL,33,0
Nepal,NPL,34,0
Nepal,NPL,35,0
Nepal,NPL,36,0
Nepal,NPL,37,0
Nepal,NPL,38,0
Nepal,NPL,39,0
Nepal,NPL,40,0
Nepal,NPL,41,0
Nepal,NPL,42,0
Nepal,NPL,43,0
Nepal,NPL,44,0
Nepal,NPL,45,0
Nepal,NPL,46,0
Nepal,NPL,47,0
Nepal,NPL,48,0
Nepal,NPL,49,0
Nepal,NPL,50,0
Netherlands,NLD,39,1
Netherlands,NLD,40,5
Netherlands,NLD,41,6
Netherlands,NLD,42,5
Netherlands,NLD,43,10
Netherlands,NLD,44,10
Netherlands,NLD,45,44
Netherlands,NLD,46,46
Netherlands,NLD,47,60
Netherlands,NLD,48,77
Netherlands,NLD,49,56
Netherlands,NLD,50,61
New Zealand,NZL,39,0
New Zealand,NZL,40,0
New Zealand,NZL,41,0
New Zealand,NZL,42,1
New Zealand,NZL,43,0
New Zealand,NZL,44,0
New Zealand,NZL,45,2
New Zealand,NZL,46,1
New Zealand,NZL,47,0
New Zealand,NZL,48,0
New Zealand,NZL,49,0
New Zealand,NZL,50,0
Nigeria,NGA,39,0
Nigeria,NGA,40,0
Nigeria,NGA,41,0
Nigeria,NGA,42,0
Nigeria,NGA,43,0
Nigeria,NGA,44,0
Nigeria,NGA,45,0
Nigeria,NGA,46,0
Nigeria,NGA,47,0
Nigeria,NGA,48,1
Nigeria,NGA,49,0
Nigeria,NGA,50,0
Norway,NOR,38,3
Norway,NOR,39,2
Norway,NOR,40,9
Norway,NOR,41,4
Norway,NOR,42,6
Norway,NOR,43,7
Norway,NOR,44,24
Norway,NOR,45,30
Norway,NOR,46,27
Norway,NOR,47,34
Norway,NOR,48,22
Norway,NOR,49,23
Norway,NOR,50,85
Oman,OMN,36,2
Oman,OMN,37,0
Oman,OMN,38,2
Oman,OMN,39,0
Oman,OMN,40,0
Oman,OMN,41,0
Oman,OMN,42,0
Oman,OMN,43,6
Oman,OMN,44,3
Oman,OMN,45,1
Oman,OMN,46,0
Oman,OMN,47,0
Oman,OMN,48,0
Oman,OMN,49,2
Oman,OMN,50,0
Pakistan,PAK,38,0
Pakistan,PAK,39,0
Pakistan,PAK,40,2
Pakistan,PAK,41,0
Pakistan,PAK,42,1
Pakistan,PAK,43,0
Pakistan,PAK,44,0
Pakistan,PAK,45,0
Pakistan,PAK,46,0
Pakistan,PAK,47,0
Pakistan,PAK,48,1
Pakistan,PAK,49,10
Pakistan,PAK,50,0
Palestine,PSE,45,3
Palestine,PSE,46,9
Palestine,PSE,47,0
Palestine,PSE,48,3
Palestine,PSE,49,7
Palestine,PSE,50,4
Panama,PAN,50,7
Paraguay,PRY,49,0
Paraguay,PRY,50,7
Peru,PER,47,5
Peru,PER,48,0
Peru,PER,49,3
Peru,PER,50,2
Philippines,PHL,10,0
Philippines,PHL,11,0
Philippines,PHL,12,1
Philippines,PHL,13,0
Philippines,PHL,14,0
Philippines,PHL,15,1
Philippines,PHL,16,0
Philippines,PHL,17,0
Philippines,PHL,18,0
Philippines,PHL,19,0
Philippines,PHL,20,0
Philippines,PHL,21,0
Philippines,PHL,22,0
Philippines,PHL,23,0
Philippines,PHL,24,0
Philippines,PHL,25,0
Philippines,PHL,26,0
Philippines,PHL,27,0
Philippines,PHL,28,0
Philippines,PHL,29,0
Philippines,PHL,30,0
Philippines,PHL,31,0
Philippines,PHL,32,0
Philippines,PHL,33,0
Philippines,PHL,34,0
Philippines,PHL,35,0
Philippines,PHL,36,0
Philippines,PHL,37,0
Philippines,PHL,38,0
Philippines,PHL,39,0
Philippines,PHL,40,0
Philippines,PHL,41,0
Philippines,PHL,42,0
Philippines,PHL,43,0
Philippines,PHL,44,0
Philippines,PHL,45,2
Philippines,PHL,46,0
Philippines,PHL,47,1
Philippines,PHL,48,4
Philippines,PHL,49,23
Philippines,PHL,50,16
Poland,POL,44,0
Poland,POL,45,0
Poland,POL,46,4
Poland,POL,47,1
Poland,POL,48,5
Poland,POL,49,5
Poland,POL,50,6
Portugal,PRT,43,0
Portugal,PRT,44,5
Portugal,PRT,45,2
Portugal,PRT,46,4
Portugal,PRT,47,8
Portugal,PRT,48,9
Portugal,PRT,49,0
Portugal,PRT,50,11
Qatar,QAT,41,2
Qatar,QAT,42,4
Qatar,QAT,43,1
Qatar,QAT,44,0
Qatar,QAT,45,0
Qatar,QAT,46,3
Qatar,QAT,47,1
Qatar,QAT,48,3
Qatar,QAT,49,3
Qatar,QAT,50,6
Romania,ROU,38,0
Romania,ROU,39,2
Romania,ROU,40,0
Romania,ROU,41,0
Romania,ROU,42,0
Romania,ROU,43,1
Romania,ROU,44,0
Romania,ROU,45,2
Romania,ROU,46,1
Romania,ROU,47,6
Romania,ROU,48,2
Romania,ROU,49,0
Romania,ROU,50,10
Russia,RUS,12,0
Russia,RUS,13,0
Russia,RUS,14,0
Russia,RUS,15,0
Russia,RUS,16,0
Russia,RUS,17,0
Russia,RUS,18,0
Russia,RUS,19,0
Russia,RUS,20,0
Russia,RUS,21,0
Russia,RUS,22,0
Russia,RUS,23,0
Russia,RUS,24,0
Russia,RUS,25,0
Russia,RUS,26,0
Russia,RUS,27,0
Russia,RUS,28,0
Russia,RUS,29,0
Russia,RUS,30,0
Russia,RUS,31,0
Russia,RUS,32,0
Russia,RUS,33,0
Russia,RUS,34,0
Russia,RUS,35,0
Russia,RUS,36,0
Russia,RUS,37,0
Russia,RUS,38,0
Russia,RUS,39,0
Russia,RUS,40,0
Russia,RUS,41,0
Russia,RUS,42,1
Russia,RUS,43,0
Russia,RUS,44,0
Russia,RUS,45,1
Russia,RUS,46,3
Russia,RUS,47,0
Russia,RUS,48,0
Russia,RUS,49,0
Russia,RUS,50,0
Saint Barthlemy,,45,0
Saint Barthlemy,,46,0
Saint Barthlemy,,47,0
Saint Barthlemy,,48,0
Saint Barthlemy,,49,0
Saint Barthlemy,,50,0
Saint Martin (French part),MAF,45,0
Saint Martin (French part),MAF,46,0
Saint Martin (French part),MAF,47,0
Saint Martin (French part),MAF,48,0
Saint Martin (French part),MAF,49,0
Saint Martin (French part),MAF,50,0
San Marino,SMR,40,0
San Marino,SMR,41,0
San Marino,SMR,42,7
San Marino,SMR,43,0
San Marino,SMR,44,8
San Marino,SMR,45,5
San Marino,SMR,46,3
San Marino,SMR,47,3
San Marino,SMR,48,10
San Marino,SMR,49,12
San Marino,SMR,50,14
Saudi Arabia,SAU,43,0
Saudi Arabia,SAU,44,1
Saudi Arabia,SAU,45,6
Saudi Arabia,SAU,46,0
Saudi Arabia,SAU,47,3
Saudi Arabia,SAU,48,4
Saudi Arabia,SAU,49,0
Saudi Arabia,SAU,50,5
Senegal,SEN,43,0
Senegal,SEN,44,3
Senegal,SEN,45,0
Senegal,SEN,46,0
Senegal,SEN,47,0
Senegal,SEN,48,0
Senegal,SEN,49,0
Senegal,SEN,50,0
Serbia,SRB,46,0
Serbia,SRB,47,0
Serbia,SRB,48,0
Serbia,SRB,49,0
Serbia,SRB,50,11
Singapore,SGP,4,2
Singapore,SGP,5,1
Singapore,SGP,6,0
Singapore,SGP,7,3
Singapore,SGP,8,0
Singapore,SGP,9,3
Singapore,SGP,10,3
Singapore,SGP,11,3
Singapore,SGP,12,2
Singapore,SGP,13,0
Singapore,SGP,14,0
Singapore,SGP,15,6
Singapore,SGP,16,4
Singapore,SGP,17,2
Singapore,SGP,18,3
Singapore,SGP,19,7
Singapore,SGP,20,3
Singapore,SGP,21,2
Singapore,SGP,22,2
Singapore,SGP,23,3
Singapore,SGP,24,8
Singapore,SGP,25,9
Singapore,SGP,26,5
Singapore,SGP,27,3
Singapore,SGP,28,2
Singapore,SGP,29,4
Singapore,SGP,30,3
Singapore,SGP,31,1
Singapore,SGP,32,1
Singapore,SGP,33,3
Singapore,SGP,34,0
Singapore,SGP,35,1
Singapore,SGP,36,1
Singapore,SGP,37,2
Singapore,SGP,38,3
Singapore,SGP,39,2
Singapore,SGP,40,4
Singapore,SGP,41,4
Singapore,SGP,42,2
Singapore,SGP,43,2
Singapore,SGP,44,0
Singapore,SGP,45,7
Singapore,SGP,46,13
Singapore,SGP,47,8
Singapore,SGP,48,12
Singapore,SGP,49,10
Singapore,SGP,50,6
Slovakia,SVK,47,2
Slovakia,SVK,48,2
Slovakia,SVK,49,2
Slovakia,SVK,50,0
Slovenia,SVN,45,5
Slovenia,SVN,46,3
Slovenia,SVN,47,3
Slovenia,SVN,48,4
Slovenia,SVN,49,7
Slovenia,SVN,50,8
South Africa,ZAF,46,0
South Africa,ZAF,47,1
South Africa,ZAF,48,1
South Africa,ZAF,49,4
South Africa,ZAF,50,0
South Korea,KOR,1,0
South Korea,KOR,2,0
South Korea,KOR,3,1
South Korea,KOR,4,0
South Korea,KOR,5,0
South Korea,KOR,6,2
South Korea,KOR,7,0
South Korea,KOR,8,0
South Korea,KOR,9,0
South Korea,KOR,10,7
South Korea,KOR,11,1
South Korea,KOR,12,3
South Korea,KOR,13,0
South Korea,KOR,14,1
South Korea,KOR,15,2
South Korea,KOR,16,5
South Korea,KOR,17,1
South Korea,KOR,18,0
South Korea,KOR,19,3
South Korea,KOR,20,0
South Korea,KOR,21,1
South Korea,KOR,22,0
South Korea,KOR,23,0
South Korea,KOR,24,0
South Korea,KOR,25,0
South Korea,KOR,26,1
South Korea,KOR,27,1
South Korea,KOR,28,1
South Korea,KOR,29,20
South Korea,KOR,30,53
South Korea,KOR,31,100
South Korea,KOR,32,142
South Korea,KOR,33,256
South Korea,KOR,34,161
South Korea,KOR,35,214
South Korea,KOR,36,284
South Korea,KOR,37,505
South Korea,KOR,38,571
South Korea,KOR,39,813
South Korea,KOR,40,586
South Korea,KOR,41,476
South Korea,KOR,42,600
South Korea,KOR,43,516
South Korea,KOR,44,438
South Korea,KOR,45,518
South Korea,KOR,46,483
South Korea,KOR,47,367
South Korea,KOR,48,248
South Korea,KOR,49,131
South Korea,KOR,50,242
Spain,ESP,12,0
Spain,ESP,13,0
Spain,ESP,14,0
Spain,ESP,15,0
Spain,ESP,16,0
Spain,ESP,17,0
Spain,ESP,18,0
Spain,ESP,19,0
Spain,ESP,20,1
Spain,ESP,21,0
Spain,ESP,22,0
Spain,ESP,23,0
Spain,ESP,24,0
Spain,ESP,25,0
Spain,ESP,26,0
Spain,ESP,27,0
Spain,ESP,28,0
Spain,ESP,29,0
Spain,ESP,30,0
Spain,ESP,31,0
Spain,ESP,32,0
Spain,ESP,33,0
Spain,ESP,34,0
Spain,ESP,35,0
Spain,ESP,36,0
Spain,ESP,37,10
Spain,ESP,38,13
Spain,ESP,39,7
Spain,ESP,40,13
Spain,ESP,41,0
Spain,ESP,42,69
Spain,ESP,43,37
Spain,ESP,44,47
Spain,ESP,45,59
Spain,ESP,46,117
Spain,ESP,47,56
Spain,ESP,48,159
Spain,ESP,49,435
Spain,ESP,50,615
Sri Lanka,LKA,8,0
Sri Lanka,LKA,9,0
Sri Lanka,LKA,10,0
Sri Lanka,LKA,11,0
Sri Lanka,LKA,12,0
Sri Lanka,LKA,13,0
Sri Lanka,LKA,14,0
Sri Lanka,LKA,15,0
Sri Lanka,LKA,16,0
Sri Lanka,LKA,17,0
Sri Lanka,LKA,18,0
Sri Lanka,LKA,19,0
Sri Lanka,LKA,20,0
Sri Lanka,LKA,21,0
Sri Lanka,LKA,22,0
Sri Lanka,LKA,23,0
Sri Lanka,LKA,24,0
Sri Lanka,LKA,25,0
Sri Lanka,LKA,26,0
Sri Lanka,LKA,27,0
Sri Lanka,LKA,28,0
Sri Lanka,LKA,29,0
Sri Lanka,LKA,30,0
Sri Lanka,LKA,31,0
Sri Lanka,LKA,32,0
Sri Lanka,LKA,33,0
Sri Lanka,LKA,34,0
Sri Lanka,LKA,35,0
Sri Lanka,LKA,36,0
Sri Lanka,LKA,37,0
Sri Lanka,LKA,38,0
Sri Lanka,LKA,39,0
Sri Lanka,LKA,40,0
Sri Lanka,LKA,41,0
Sri Lanka,LKA,42,0
Sri Lanka,LKA,43,0
Sri Lanka,LKA,44,0
Sri Lanka,LKA,45,0
Sri Lanka,LKA,46,0
Sri Lanka,LKA,47,0
Sri Lanka,LKA,48,0
Sri Lanka,LKA,49,0
Sri Lanka,LKA,50,0
Sweden,SWE,12,0
Sweden,SWE,13,0
Sweden,SWE,14,0
Sweden,SWE,15,0
Sweden,SWE,16,0
Sweden,SWE,17,0
Sweden,SWE,18,0
Sweden,SWE,19,0
Sweden,SWE,20,0
Sweden,SWE,21,0
Sweden,SWE,22,0
Sweden,SWE,23,0
Sweden,SWE,24,0
Sweden,SWE,25,0
Sweden,SWE,26,0
Sweden,SWE,27,0
Sweden,SWE,28,0
Sweden,SWE,29,0
Sweden,SWE,30,0
Sweden,SWE,31,0
Sweden,SWE,32,0
Sweden,SWE,33,0
Sweden,SWE,34,0
Sweden,SWE,35,0
Sweden,SWE,36,0
Sweden,SWE,37,1
Sweden,SWE,38,5
Sweden,SWE,39,5
Sweden,SWE,40,1
Sweden,SWE,41,1
Sweden,SWE,42,1
Sweden,SWE,43,9
Sweden,SWE,44,11
Sweden,SWE,45,26
Sweden,SWE,46,76
Sweden,SWE,47,24
Sweden,SWE,48,42
Sweden,SWE,49,45
Sweden,SWE,50,78
Switzerland,CHE,37,0
Switzerland,CHE,38,5
Switzerland,CHE,39,4
Switzerland,CHE,40,8
Switzerland,CHE,41,6
Switzerland,CHE,42,6
Switzerland,CHE,43,7
Switzerland,CHE,44,19
Switzerland,CHE,45,30
Switzerland,CHE,46,123
Switzerland,CHE,47,55
Switzerland,CHE,48,68
Switzerland,CHE,49,0
Switzerland,CHE,50,159
Thailand,THA,1,0
Thailand,THA,2,2
Thailand,THA,3,0
Thailand,THA,4,0
Thailand,THA,5,1
Thailand,THA,6,0
Thailand,THA,7,9
Thailand,THA,8,0
Thailand,THA,9,0
Thailand,THA,10,0
Thailand,THA,11,5
Thailand,THA,12,0
Thailand,THA,13,0
Thailand,THA,14,0
Thailand,THA,15,6
Thailand,THA,16,0
Thailand,THA,17,0
Thailand,THA,18,7
Thailand,THA,19,0
Thailand,THA,20,0
Thailand,THA,21,1
Thailand,THA,22,0
Thailand,THA,23,0
Thailand,THA,24,0
Thailand,THA,25,1
Thailand,THA,26,0
Thailand,THA,27,1
Thailand,THA,28,0
Thailand,THA,29,0
Thailand,THA,30,0
Thailand,THA,31,0
Thailand,THA,32,0
Thailand,THA,33,0
Thailand,THA,34,0
Thailand,THA,35,2
Thailand,THA,36,3
Thailand,THA,37,0
Thailand,THA,38,0
Thailand,THA,39,2
Thailand,THA,40,0
Thailand,THA,41,0
Thailand,THA,42,1
Thailand,THA,43,0
Thailand,THA,44,4
Thailand,THA,45,0
Thailand,THA,46,1
Thailand,THA,47,2
Thailand,THA,48,0
Thailand,THA,49,3
Thailand,THA,50,6
Togo,TGO,47,0
Togo,TGO,48,0
Togo,TGO,49,0
Togo,TGO,50,0
Tunisia,TUN,43,0
Tunisia,TUN,44,0
Tunisia,TUN,45,0
Tunisia,TUN,46,0
Tunisia,TUN,47,0
Tunisia,TUN,48,1
Tunisia,TUN,49,0
Tunisia,TUN,50,4
Ukraine,UKR,44,0
Ukraine,UKR,45,0
Ukraine,UKR,46,0
Ukraine,UKR,47,0
Ukraine,UKR,48,0
Ukraine,UKR,49,0
Ukraine,UKR,50,0
United Arab Emirates,ARE,9,0
United Arab Emirates,ARE,10,0
United Arab Emirates,ARE,11,0
United Arab Emirates,ARE,12,1
United Arab Emirates,ARE,13,0
United Arab Emirates,ARE,14,0
United Arab Emirates,ARE,15,0
United Arab Emirates,ARE,16,0
United Arab Emirates,ARE,17,0
United Arab Emirates,ARE,18,2
United Arab Emirates,ARE,19,0
United Arab Emirates,ARE,20,0
United Arab Emirates,ARE,21,1
United Arab Emirates,ARE,22,0
United Arab Emirates,ARE,23,0
United Arab Emirates,ARE,24,0
United Arab Emirates,ARE,25,0
United Arab Emirates,ARE,26,0
United Arab Emirates,ARE,27,1
United Arab Emirates,ARE,28,0
United Arab Emirates,ARE,29,0
United Arab Emirates,ARE,30,0
United Arab Emirates,ARE,31,0
United Arab Emirates,ARE,32,2
United Arab Emirates,ARE,33,2
United Arab Emirates,ARE,34,0
United Arab Emirates,ARE,35,0
United Arab Emirates,ARE,36,0
United Arab Emirates,ARE,37,0
United Arab Emirates,ARE,38,6
United Arab Emirates,ARE,39,0
United Arab Emirates,ARE,40,0
United Arab Emirates,ARE,41,2
United Arab Emirates,ARE,42,0
United Arab Emirates,ARE,43,6
United Arab Emirates,ARE,44,0
United Arab Emirates,ARE,45,0
United Arab Emirates,ARE,46,18
United Arab Emirates,ARE,47,0
United Arab Emirates,ARE,48,0
United Arab Emirates,ARE,49,14
United Arab Emirates,ARE,50,15
United Kingdom,GBR,12,0
United Kingdom,GBR,13,0
United Kingdom,GBR,14,0
United Kingdom,GBR,15,0
United Kingdom,GBR,16,0
United Kingdom,GBR,17,1
United Kingdom,GBR,18,0
United Kingdom,GBR,19,0
United Kingdom,GBR,20,1
United Kingdom,GBR,21,4
United Kingdom,GBR,22,0
United Kingdom,GBR,23,1
United Kingdom,GBR,24,0
United Kingdom,GBR,25,0
United Kingdom,GBR,26,0
United Kingdom,GBR,27,0
United Kingdom,GBR,28,0
United Kingdom,GBR,29,0
United Kingdom,GBR,30,0
United Kingdom,GBR,31,0
United Kingdom,GBR,32,0
United Kingdom,GBR,33,0
United Kingdom,GBR,34,0
United Kingdom,GBR,35,4
United Kingdom,GBR,36,0
United Kingdom,GBR,37,0
United Kingdom,GBR,38,3
United Kingdom,GBR,39,4
United Kingdom,GBR,40,3
United Kingdom,GBR,41,13
United Kingdom,GBR,42,3
United Kingdom,GBR,43,12
United Kingdom,GBR,44,38
United Kingdom,GBR,45,29
United Kingdom,GBR,46,49
United Kingdom,GBR,47,43
United Kingdom,GBR,48,67
United Kingdom,GBR,49,46
United Kingdom,GBR,50,50
United States,USA,3,0
United States,USA,4,1
United States,USA,5,0
United States,USA,6,3
United States,USA,7,0
United States,USA,8,0
United States,USA,9,0
United States,USA,10,1
United States,USA,11,1
United States,USA,12,1
United States,USA,13,3
United States,USA,14,0
United States,USA,15,0
United States,USA,16,1
United States,USA,17,0
United States,USA,18,0
United States,USA,19,0
United States,USA,20,0
United States,USA,21,1
United States,USA,22,0
United States,USA,23,1
United States,USA,24,1
United States,USA,25,0
United States,USA,26,0
United States,USA,27,0
United States,USA,28,0
United States,USA,29,0
United States,USA,30,0
United States,USA,31,0
United States,USA,32,20
United States,USA,33,0
United States,USA,34,0
United States,USA,35,18
United States,USA,36,0
United States,USA,37,6
United States,USA,38,0
United States,USA,39,3
United States,USA,40,0
United States,USA,41,0
United States,USA,42,2
United States,USA,43,44
United States,USA,44,21
United States,USA,45,19
United States,USA,46,65
United States,USA,47,0
United States,USA,48,0
United States,USA,49,259
United States,USA,50,224
Vatican,VAT,47,0
Vatican,VAT,48,0
Vatican,VAT,49,0
Vatican,VAT,50,0
Vietnam,VNM,4,0
Vietnam,VNM,5,0
Vietnam,VNM,6,0
Vietnam,VNM,7,0
Vietnam,VNM,8,0
Vietnam,VNM,9,0
Vietnam,VNM,10,3
Vietnam,VNM,11,1
Vietnam,VNM,12,1
Vietnam,VNM,13,1
Vietnam,VNM,14,1
Vietnam,VNM,15,1
Vietnam,VNM,16,0
Vietnam,VNM,17,2
Vietnam,VNM,18,1
Vietnam,VNM,19,1
Vietnam,VNM,20,0
Vietnam,VNM,21,1
Vietnam,VNM,22,0
Vietnam,VNM,23,1
Vietnam,VNM,24,0
Vietnam,VNM,25,0
Vietnam,VNM,26,0
Vietnam,VNM,27,0
Vietnam,VNM,28,0
Vietnam,VNM,29,0
Vietnam,VNM,30,0
Vietnam,VNM,31,0
Vietnam,VNM,32,0
Vietnam,VNM,33,0
Vietnam,VNM,34,0
Vietnam,VNM,35,0
Vietnam,VNM,36,0
Vietnam,VNM,37,0
Vietnam,VNM,38,0
Vietnam,VNM,39,0
Vietnam,VNM,40,0
Vietnam,VNM,41,0
Vietnam,VNM,42,0
Vietnam,VNM,43,0
Vietnam,VNM,44,0
Vietnam,VNM,45,0
Vietnam,VNM,46,1
Vietnam,VNM,47,4
Vietnam,VNM,48,9
Vietnam,VNM,49,1
Vietnam,VNM,50,4
Worldwide,,0,0
Worldwide,,1,32
Worldwide,,2,266
Worldwide,,3,262
Worldwide,,4,467
Worldwide,,5,691
Worldwide,,6,783
Worldwide,,7,1792
Worldwide,,8,1468
Worldwide,,9,1750
Worldwide,,10,2006
Worldwide,,11,2121
Worldwide,,12,2604
Worldwide,,13,2834
Worldwide,,14,3239
Worldwide,,15,3913
Worldwide,,16,3712
Worldwide,,17,3205
Worldwide,,18,3405
Worldwide,,19,2672
Worldwide,,20,2996
Worldwide,,21,2549
Worldwide,,22,2068
Worldwide,,23,1826
Worldwide,,24,2056
Worldwide,,25,1526
Worldwide,,26,1277
Worldwide,,27,19572
Worldwide,,28,1903
Worldwide,,29,1872
Worldwide,,30,542
Worldwide,,31,1021
Worldwide,,32,1023
Worldwide,,33,1017
Worldwide,,34,517
Worldwide,,35,896
Worldwide,,36,864
Worldwide,,37,1175
Worldwide,,38,1353
Worldwide,,39,1748
Worldwide,,40,1727
Worldwide,,41,1801
Worldwide,,42,1912
Worldwide,,43,2217
Worldwide,,44,2220
Worldwide,,45,2864
Worldwide,,46,3730
Worldwide,,47,3644
Worldwide,,48,3979
Worldwide,,49,4119
Worldwide,,50,4618